{"train": {"pants-fire": 13.201589634710654, "false": 28.765855517447875, "barely-true": 15.68947683597365, "half-true": 16.15221296749959, "mostly-true": 14.932767162066526, "true": 11.258097882301705}, "validation": {"pants-fire": 13.191118850674794, "false": 28.776665215498475, "barely-true": 15.716151501959077, "half-true": 16.15150195907706, "mostly-true": 14.932520679146712, "true": 11.232041793643884}, "test": {"pants-fire": 13.196864111498257, "false": 28.745644599303137, "barely-true": 15.6794425087108, "half-true": 16.158536585365855, "mostly-true": 14.939024390243901, "true": 11.28048780487805}}